RunNumber,stop.at,NumCycle,NumCar
,4,7.000000,3.000000
RunNumber,stop.at,NumCycle,NumCar
,4,4.000000,6.000000
RunNumber,stop.at,NumCycle,NumCar
,4,4.000000,6.000000
RunNumber,stop.at,NumCycle,NumCar
,4,6.000000,4.000000
,4,62.000000,38.000000
,4,42.000000,58.000000
,4,44.000000,56.000000
,4,56.000000,44.000000
