RunNumber,stop.at,NumCycle
,4,4.000000
,4,4.000000
,4,6.000000
,4,4.000000
,4,7.000000
